,0
b0001,0.0115798340641767
b0002,0.0735811316177336
b0003,0.2548336457194071
b0004,0.147392470984032
b0005,0.4560043224114191
b0012,0.3084078002616063
b0014,0.4042297991012714
b0015,0.4214413190518393
b0019,-2.2431214891719367
b0020,1.6676132340019034
b0025,-0.0503975206477036
b0026,0.0661620264923949
b0027,0.0628398148164507
b0028,-0.0614810364691507
b0029,-0.0116604185215727
b0031,-0.5370244095272364
b0032,-0.2974940619623792
b0033,-0.1703229344868262
b0034,0.3627751969475916
b0035,-0.076189664832782
b0036,0.1254611506336926
b0037,-0.0999943700246587
b0038,0.3192407742597918
b0039,0.2503389420570218
b0040,0.3151510738871194
b0041,0.2097763872160704
b0042,0.0036479731844949
b0043,-0.0337141819140715
b0045,0.0177207152193283
b0048,0.8179947328389033
b0049,1.4118490485021946
b0050,0.6678659759001112
b0051,0.4738456212687429
b0052,0.9405514441405098
b0053,0.4727711075688384
b0054,0.1216414179056259
b0057,0.1622444880595396
b0058,-0.0531522543872605
b0059,0.2510320714914387
b0060,0.6378736977499974
b0061,-0.0235596547921824
b0062,0.971845777476652
b0063,-0.7044944761012498
b0064,0.8283459986187832
b0065,0.1888352570025192
b0066,-0.1481515631162282
b0067,-0.0557606897215638
b0068,0.0484223472459786
b0069,-0.0131154517378163
b0070,-0.2748095132697088
b0071,-0.2912731280702166
b0072,-0.4557612194456077
b0073,-0.5341702982376856
b0074,0.1877187949719065
b0075,0.8814431969203621
b0076,0.6403031569610881
b0077,0.0204349437669956
b0078,0.018627983302761
b0080,-0.0596384152541025
b0081,0.133863504948188
b0082,0.133035570525921
b0083,0.110600743005414
b0084,0.095730024697834
b0085,0.1308694170109738
b0086,0.132037793161258
b0087,0.1444563808239438
b0088,0.1431382124243427
b0089,0.1405179775784614
b0090,0.0969664092084549
b0091,0.1250147361900681
b0092,0.1037321905073724
b0093,0.1438499300967633
b0094,0.1122354305001397
b0095,-0.0469695384624414
b0096,0.9439728294767726
b0106,-0.4912104209059267
b0107,-0.0142693132776076
b0108,0.8295721276715743
b0109,0.3601528852983861
b0110,-0.2084921904834798
b0111,-0.4791348703449335
b0112,0.7078665677323994
b0113,0.193967360264245
b0114,-0.1079392911379284
b0115,0.1317858919920107
b0116,0.0812762132043621
b0117,0.5278812322178891
b0118,0.0072220064983512
b0119,0.6167266270609267
b0120,-0.0535311270847123
b0121,0.0005181083644501
b0122,-0.0036882598454955
b0123,0.2238003778985871
b0124,1.8126701705685
b0125,1.1985269112423618
b0126,0.0490551674003978
b0131,0.0682802171490533
b0133,0.1680824276150309
b0134,0.0723684891127625
b0135,0.2480063300807322
b0136,0.1836917920639741
b0137,0.4325769214981787
b0138,0.1134826762728016
b0139,-0.2120522504287161
b0141,0.7432308631944048
b0142,0.1497194375381284
b0143,0.1930859283355487
b0144,-0.0053002460331177
b0145,-0.0959693643682274
b0146,0.9929316195471536
b0150,0.1438854557617655
b0151,0.04297498512097
b0152,0.0253607580281113
b0153,0.0463102213672469
b0154,0.0627995215159575
b0156,0.0552422043681432
b0157,0.0941887035225453
b0158,0.1102062953424843
b0159,0.0568101151143527
b0161,0.7566848835781992
b0162,0.3836370085482174
b0166,-0.2865526965129552
b0167,0.4593985671334641
b0168,0.0544390871471309
b0169,0.647955846685232
b0170,0.5856656486578276
b0171,-0.1667495880658713
b0172,-0.0750642286820775
b0176,0.9988107830475632
b0177,0.5180083928615583
b0178,0.3397193825606747
b0179,0.4694070401708567
b0180,0.6711345091201427
b0181,0.5834702044160015
b0182,0.4766988025920676
b0183,0.6762445662221507
b0184,0.6519035017081604
b0185,-0.0190189597598827
b0186,0.1332460575963068
b0189,0.7030930001829546
b0190,0.3997793174708491
b0191,0.2940267083982747
b0192,0.0786711822646287
b0193,0.332692539253033
b0194,-0.1001925122949574
b0197,0.0699969184740048
b0198,0.1051004741468989
b0199,0.1215322463459556
b0201,0.9704688354702
b0204,0.9205988672589144
b0207,-0.2283809337737692
b0208,0.3613080250239534
b0209,-0.0473705833121349
b0210,0.303788898009745
b0211,0.9321717618320824
b0216,0.1133747673193802
b0218,0.6638915069314851
b0219,0.0935704790761158
b0220,0.4682944234328831
b0221,0.6678939681317351
b0222,0.1268773619664166
b0224,0.8479602700008447
b0225,-2.573472221485309
b0226,1.041916293093634
b0231,-0.3790174656310367
b0232,-0.6955255884772618
b0233,-1.5499286573874118
b0234,-1.9271839411788008
b0237,0.1260203121382496
b0238,0.1726987123713502
b0273,0.6006158266364086
b0277,0.844078450850199
b0330,0.282624231034035
b0336,0.9015217842094756
b0353,0.0005013020285341
b0355,-0.1993518209206156
b0356,0.1041372808721885
b0364,0.8303399385911512
b0365,0.1622653459658221
b0366,-0.5648468459493062
b0367,-0.7157350489678218
b0368,-0.1666826235854346
b0369,0.467777982703761
b0377,0.36922559188506
b0378,0.3829078505296993
b0379,0.0804729833802415
b0380,0.1885844883135307
b0381,0.8974356677459039
b0382,0.360479232687298
b0383,0.0409594810132813
b0384,0.9050471633001914
b0385,0.329062811655547
b0388,0.0302684733269862
b0389,0.951070797677528
b0390,0.0200321209293093
b0392,0.7825299083670099
b0396,1.1285538593109945
b0397,-0.1111384055492555
b0398,-0.613622336255035
b0399,-0.2740942863000124
b0400,-0.9754135592069564
b0401,0.4529266428202723
b0402,0.5190072848586705
b0403,0.1944661113884138
b0405,0.040240943790697
b0410,0.3608772925842277
b0411,0.0358937127418437
b0413,-0.0527195884997137
b0414,0.0159676738676641
b0415,0.0519186032946507
b0416,-0.3568465235336154
b0417,-0.1056847030316308
b0418,0.0466450273501136
b0419,0.7156370135451988
b0420,-0.0727603274099287
b0421,-0.1100602898279078
b0422,-0.0306011713804026
b0428,0.2103264026139334
b0429,0.2771165129546653
b0430,0.0854345755075149
b0431,0.0848003023727831
b0432,0.2765560076091855
b0433,-0.1219499818381338
b0434,-0.0546956068548144
b0435,0.5296487303541789
b0437,-4.467092266053833
b0438,-0.0476863356103221
b0439,-3.812052210184613
b0440,-0.7152336490235663
b0441,0.1109761054489076
b0443,-0.8218902338284463
b0447,-5.087879672153493
b0450,-0.1504620046756797
b0451,0.0086618663577928
b0460,-0.1835794828680671
b0461,0.775254616343908
b0462,-0.1650812705308086
b0463,-0.2705824477675032
b0464,-0.0536375154098046
b0465,0.6443575933097975
b0466,0.6226743839427257
b0467,0.538835851930168
b0468,0.5259590919855224
b0469,0.4045847856714704
b0471,0.9454822167949674
b0472,0.927702842089911
b0473,-1.2060613047928923
b0475,-0.4589623440833472
b0477,-0.1147658940142953
b0478,0.681672422593683
b0484,0.4048856902724158
b0485,-0.0525532099599319
b0486,-0.044554228383767
b0492,0.4560800121824276
b0497,0.0469933241433347
b0498,0.3190351591294508
b0499,0.4128691793201367
b0501,0.3599710712146642
b0504,0.5548557575774729
b0505,0.7603616450153176
b0506,0.034629343137222
b0507,3.3863079987465494
b0508,5.482668526574835
b0509,5.212778576963856
b0511,4.230570391600807
b0512,3.462875950060144
b0513,5.042531540042799
b0514,3.1508535859322047
b0515,0.2404206303964408
b0516,0.1763974679631316
b0517,0.2718966609878547
b0522,-0.1212405502287779
b0523,-0.0291373792302046
b0524,0.91123887940912
b0525,0.9331514718898828
b0526,0.9445572833677488
b0536,0.4430587809103773
b0537,0.6297804992147649
b0544,0.6117378326296777
b0553,0.0389593221820899
b0554,0.3522868040737805
b0555,1.079459628280279
b0556,1.032736775484486
b0557,-1.1148988289895752
b0558,0.6740003786573275
b0564,0.7331718790741673
b0565,-2.0078521893466137
b0566,0.1521080080600607
b0568,0.7399184514885976
b0569,0.7445745543887227
b0570,0.1260436882603144
b0571,0.1284018582824151
b0572,-0.0614745792202568
b0573,0.0192340259321533
b0574,0.0681378180526309
b0575,-0.0542954487250509
b0576,-0.0861661366524682
b0577,0.5238684831715169
b0578,-0.5792651243098885
b0579,0.1418006193542076
b0581,0.1179701272208469
b0583,0.1779826936409266
b0584,0.109432371011625
b0585,0.981058863684236
b0586,1.0472931426992782
b0587,0.729661377900022
b0588,-0.0096353266366247
b0589,0.0174577895578131
b0590,0.227513939610422
b0591,0.3326709110716531
b0592,0.4518208735547943
b0593,0.2580824921313199
b0594,0.2320050769716168
b0595,0.4078664216799116
b0596,0.3623299861979485
b0597,0.3214266647314398
b0598,0.523533961659583
b0600,0.1026317928766364
b0602,0.4238764788322277
b0604,0.3366053571686794
b0605,0.9258281116725104
b0606,-0.4639044493519683
b0607,0.1425268512113822
b0608,0.1111728205241624
b0613,0.6821703141880691
b0614,0.2004220731005249
b0615,-0.0279721498506282
b0616,0.0297671774761729
b0617,0.0523582602539747
b0618,1.0729430780441969
b0619,0.010166110105288
b0620,0.1261942143547883
b0621,0.2716593750309625
b0622,0.3830006375750573
b0623,0.5954206210996307
b0628,0.5010157299776603
b0630,0.0887981776386902
b0631,0.2706595471125457
b0635,0.6875483029818727
b0639,0.8246616452113732
b0644,0.0017597402696845
b0645,0.0345779363235625
b0646,0.1714386991688916
b0647,0.1957703031914636
b0648,0.2120000999347039
b0649,0.4136946633114664
b0651,-0.2004230022814893
b0652,-0.0076529911531066
b0653,-0.0025835408472689
b0654,-0.0399654373991046
b0655,0.058745831597722
b0657,0.5637706764015982
b0658,0.4722251844010093
b0659,0.2188360347638442
b0660,0.1490263526124148
b0664,0.087164853997432
b0665,0.0995838645238852
b0666,0.1247481524175823
b0668,0.1257951019784324
b0670,0.110671617931671
b0672,0.1082652778141016
b0673,0.0961221501218934
b0674,0.4550964241861789
b0675,0.1117897538339921
b0676,0.03743902265184
b0677,0.0205294823956991
b0678,0.2443490834010218
b0679,0.2309676806467201
b0680,0.0641327670153246
b0681,-0.0740272875925363
b0682,0.2447913519544367
b0683,-2.8264504294359614
b0684,0.5670803960298805
b0685,0.5771572764722486
b0687,0.3043315251894073
b0688,0.2544660968814044
b0691,0.1005751908352482
b0692,0.0594202512447817
b0693,0.2380405570077036
b0696,-0.0880132588720543
b0697,0.0371936922798164
b0698,0.068868605040028
b0699,0.8065367665173999
b0704,0.1964763614513541
b0707,0.2143131046957111
b0708,-0.05782063155554
b0714,-0.0484737385260679
b0720,-0.3463225623643715
b0721,-0.2723248132073104
b0722,-0.1807225507033966
b0723,-0.3338987743362383
b0724,-0.2381257454397193
b0726,-0.382575751532446
b0727,-0.6629017597745663
b0728,-0.3975450535078945
b0729,-0.1514637788288251
b0730,-0.0036128371417122
b0731,-0.1335312500513913
b0732,-0.2593395445241555
b0733,-0.5153565907023209
b0734,-0.5853952910263642
b0735,0.5197123267380275
b0736,0.8494573987462918
b0737,0.7760093176283747
b0738,0.7675291591297603
b0739,0.7404298945640345
b0740,0.9223709984716926
b0741,0.711945472963659
b0742,0.8276191339536966
b0743,0.0618472907462179
b0744,0.092126383643603
b0745,0.077981793988249
b0750,0.3135904286989401
b0751,0.728997178309694
b0752,0.1443854118960217
b0753,0.3690926436408723
b0754,0.069982317118772
b0755,0.039827617979778
b0756,-0.0401802682464836
b0757,-0.0146483054283959
b0758,-0.1037822151737132
b0759,-0.0662082364579694
b0762,-0.6332290521076493
b0763,0.0173337507278849
b0764,-0.0220713147112507
b0765,0.0333184551304828
b0767,0.0452148944702114
b0768,0.5753764670637505
b0769,0.395144782983925
b0770,0.1929471031005135
b0774,0.1533940341254704
b0775,0.1390420940578974
b0776,0.1372594358590921
b0777,0.135027343740847
b0778,0.1347625219577762
b0779,0.3455995337931267
b0781,0.3917365032364417
b0782,0.1222860120894168
b0783,0.1653024624003577
b0784,0.2998804451881857
b0785,0.3043630025180959
b0786,1.0486248551972428
b0787,0.1611004792339913
b0791,0.2000252486236747
b0792,0.0568483220830715
b0793,0.1426389184333333
b0794,0.175015312455647
b0795,0.3684905272451753
b0796,0.1166632254405602
b0797,0.4223033896170834
b0799,0.0554852101794426
b0800,0.2768734643979756
b0802,0.6764615942695857
b0803,0.4148232188966001
b0805,0.1611465023822311
b0806,1.2350246196902033
b0807,0.8938040849061326
b0808,0.0690852295637703
b0809,0.7805505438314053
b0810,0.9766376140395312
b0811,0.6416955615642376
b0812,-0.047896358616618
b0813,0.7456777799223453
b0814,0.3120432919494403
b0819,0.1470676572989662
b0820,0.1228802167581437
b0821,0.534102113578575
b0823,0.1811538136353659
b0824,0.2649207262795796
b0826,0.6196035389662837
b0827,-0.1402480885110511
b0828,0.2699120535317029
b0829,0.5987683080430419
b0830,0.1371913377495741
b0831,0.4401390709991416
b0832,0.5997679763568138
b0839,18.404018296331337
b0841,0.6507320379041875
b0844,0.0609814047500403
b0845,0.4181116944715589
b0849,0.3025763619123819
b0850,-0.5680658322997666
b0851,-0.0511512866117742
b0852,-0.179117409122501
b0853,0.1401946898441691
b0854,0.4071627973163061
b0855,0.3251092134902649
b0856,0.1098656369524239
b0857,0.1867805705673662
b0860,0.4329341028244774
b0861,0.8210976114077857
b0862,1.5214020455684698
b0863,0.657163578983373
b0864,1.1075826425558084
b0865,0.0173462424969082
b0866,0.2092775764221642
b0867,0.2394801635151923
b0868,0.5552925159555738
b0869,-0.1418749873273906
b0870,-0.4266957854825584
b0871,0.3103827684936495
b0872,-0.2065829139380287
b0873,-0.1905742732991587
b0874,-0.0503674645346911
b0877,0.6202075935236501
b0878,0.4486502436610014
b0879,0.2021282534403092
b0880,0.5354481953036571
b0881,0.0639828101201196
b0882,0.5197512150918981
b0883,-0.171044385352412
b0884,-0.073207419351187
b0886,0.1009228692671029
b0887,0.0958611015154715
b0888,0.9020020983805108
b0889,-0.3284016775385378
b0890,0.1437803503168395
b0891,0.0382247330856607
b0892,0.042703437374964
b0893,0.5918719955097453
b0894,-0.3638888820150173
b0895,-0.1583426880778431
b0896,-0.4221969153091282
b0897,0.590061895330068
b0898,0.7323645576138735
b0899,0.0242084944368302
b0900,0.2257635142612827
b0901,0.450726247928182
b0902,0.0397960105352181
b0903,0.2231827902594166
b0904,0.3739250802302099
b0907,-0.0362787307158216
b0908,0.0079091848674374
b0910,-0.2350549334822213
b0911,-0.2992197707649803
b0912,-0.2942070098847665
b0914,0.606396643381738
b0917,-0.0740969075821255
b0918,-0.081630163470155
b0921,0.1466217497960692
b0922,0.0614501470780567
b0923,-0.0179537741437638
b0924,0.055906780298941
b0925,0.2497763143823102
b0928,-0.1600345570427129
b0929,-0.1955558395643296
b0931,0.1154244000758579
b0932,0.0559872942571972
b0933,-0.4903846399226925
b0934,-0.1183377902968803
b0935,-0.243025532595907
b0936,-0.3536491859035572
b0937,-0.5139054773017697
b0938,-0.027442522088126
b0940,0.2322331837481092
b0941,0.589871025031024
b0942,0.6755453268954367
b0943,0.6115478043553456
b0945,0.0191568920697674
b0950,-0.1914373706914783
b0951,0.0392319120786138
b0952,1.7063677523373868
b0953,0.4725148772925307
b0954,-0.0533391154838594
b0957,0.5471953435506374
b0958,-0.0182690495926278
b0959,0.0450694111355856
b0964,-0.0689342439517961
b0965,0.0629584887233207
b0966,0.3482769598428361
b0970,-0.1359122714935986
b0971,0.4707235678987898
b0972,0.8199497556661246
b0973,0.2038284835889266
b0974,0.2603570360763387
b0975,-0.1025524942145355
b0976,-0.1896530795892881
b0977,-0.3222470868771906
b0978,-0.4344231672768988
b0979,0.0245196607482791
b0980,-0.0130499610911462
b0987,-0.1257306117056987
b0992,0.1355325657635939
b0994,0.7439664724260605
b0995,-0.0360720877366186
b0996,-0.0207518949214663
b0997,0.2631560368899192
b0998,0.193827952115266
b0999,0.1799039178054692
b1000,-0.176884805339978
b1001,0.6292354230989043
b1002,0.6861862180131697
b1003,0.0204095372940578
b1004,0.0189619358378655
b1006,0.2213977295394419
b1007,0.0452303799581247
b1008,-0.0225754850576253
b1009,0.9796076635961116
b1010,0.6967420842631314
b1011,-0.739646778578721
b1012,-0.0577521562571445
b1013,-0.7008639677011148
b1014,0.1639432004560435
b1015,-0.0012791269753319
b1020,0.3726349550198385
b1021,0.0058509234654094
b1022,0.6479249989826676
b1023,0.5718176445760487
b1024,0.5519609880996889
b1025,0.1953678682727943
b1032,0.3271545541835601
b1036,0.9088850059629398
b1037,-0.27856899065739
b1038,0.1975033177155311
b1039,-0.3109611574759818
b1040,-0.4441290581214984
b1041,-0.0658633575160554
b1042,-0.1421165502985762
b1043,0.6890293356817149
b1048,-0.1425123167244637
b1049,0.148525441041836
b1051,0.1573121551717189
b1053,0.3309611711664141
b1054,0.5435128710573683
b1055,0.6822045729154436
b1056,-0.2168558083939609
b1057,-0.1734518710991638
b1060,0.4992925152950341
b1061,0.0459252185867201
b1062,-0.1462776146014835
b1063,0.3012247474821291
b1064,0.8440186188602089
b1070,0.1286296424315583
b1071,0.1890342856776095
b1072,0.0761839561193598
b1073,-0.0358439183750411
b1074,-0.0476862483157263
b1075,-0.0710845657954103
b1076,-0.0465077861356008
b1077,-0.0911042261992395
b1078,0.0091054340010612
b1079,0.0025644145165943
b1080,-0.0759254478184087
b1081,-0.0618407744895467
b1082,-0.0042717958196933
b1083,0.1117181163458516
b1084,-0.023117679539205
b1088,-0.0357745219184972
b1089,-0.0313365916521667
b1090,0.0386822648882256
b1091,0.0160929307320403
b1092,-0.0120396698915662
b1093,0.0231801645457757
b1094,0.1218977440511352
b1095,-0.0303083518539466
b1096,0.7739211060146453
b1097,0.7100629865447317
b1098,0.7829039145722254
b1099,0.7202935186470948
b1100,0.5064326023682818
b1101,0.9373045024014036
b1102,1.422586628369521
b1103,0.1044596945486945
b1104,0.0837868267033194
b1105,0.0300226290757695
b1106,0.4634105135060476
b1107,0.7397521917221197
b1108,0.2246925455530318
b1109,0.1789262441876432
b1110,0.4031699839965411
b1111,0.052804934058464
b1112,6.261576536965205
b1113,-0.1285924530489022
b1114,0.044336404777248
b1116,0.6217355912779177
b1117,0.6102268612154376
b1118,0.4640527736888015
b1127,0.7643161571018376
b1129,0.2143914992690802
b1130,0.0092581438950797
b1131,-0.0728346071108718
b1132,0.0199450135167203
b1133,0.5798634239885521
b1134,0.6444248400631685
b1135,0.5719848665629096
b1136,1.294998723885464
b1160,0.0472893950372073
b1161,0.8014167774135388
b1162,1.1161613040024263
b1163,0.0859893781992302
b1164,1.538289650209652
b1165,2.0129033830594354
b1166,0.3621071574992073
b1167,2.6468431704935256
b1168,0.1002092872239256
b1177,0.309908199125334
b1178,0.5948889803292023
b1182,0.5194916578738596
b1183,0.2635707799583789
b1184,0.147454741306903
b1185,0.5957143160387858
b1187,0.0656600144319101
b1188,0.0777140524366527
b1189,0.1457241549695306
b1190,0.0068678273630503
b1194,0.4881198606020636
b1196,0.1258730763157759
b1197,0.1584413629579244
b1198,-1.167547267386749
b1199,-0.9892960896507068
b1200,-1.1285749395662792
b1201,0.8629496685449006
b1202,0.0106141775891934
b1203,-0.0460412198645632
b1204,-0.0026394731179861
b1205,0.9092167488732938
b1207,-0.113187188404629
b1208,0.0257488938241245
b1209,0.1277377587581419
b1210,2.176358438178357
b1211,2.9676174314674144
b1212,4.05391448042232
b1213,0.0191878753802722
b1214,-0.1784610932628766
b1215,-0.3277935877384021
b1216,0.8063049862711663
b1217,0.2713153161774492
b1218,0.2458548469761876
b1220,0.1540563324730188
b1221,0.0067027140504591
b1222,0.0272532052875591
b1223,-0.1525560330734473
b1224,-0.0639203593500602
b1225,-0.1463265787342849
b1226,0.0536637022738012
b1227,-0.0605422692595092
b1229,0.0972212424703292
b1230,0.0713840125809003
b1231,0.0947621996472835
b1234,-0.0662433230215748
b1235,0.1029850274777376
b1237,-0.0793258051726431
b1241,0.161726013779753
b1242,0.5767239563293196
b1243,0.102847875580094
b1244,-0.2370302376982622
b1245,-0.1365601274834149
b1246,-0.1657929713822034
b1247,-0.0407792836501285
b1248,0.3580915187996418
b1252,0.257861789343342
b1254,-0.0593654624669421
b1255,-0.1861782946034528
b1256,-0.5679110202373279
b1257,-0.6316853337003465
b1258,-0.1563460926664865
b1259,0.4015599859125377
b1260,0.2080276675246528
b1261,0.2715793300896945
b1262,0.1026299136432072
b1263,0.1234496045899106
b1264,0.2144650493530465
b1265,0.8865577409914541
b1272,0.1152624195377642
b1273,0.2026657729088654
b1274,-0.3620806957046868
b1275,-0.0138772433890866
b1276,0.1327576518330316
b1277,1.534598317818444
b1278,0.6690484493430816
b1279,-0.0412600233838529
b1280,0.0806151423409665
b1281,0.1169292206558145
b1282,0.0748578662569186
b1283,1.307988644624001
b1284,0.0321060621257202
b1285,0.1790154071427023
b1286,-0.1031207189089073
b1287,1.0463982844519604
b1288,-0.034199503287315
b1295,0.9781012998902447
b1296,-0.0832147945474568
b1297,0.101011787224933
b1298,0.001159464664959
b1299,0.1822869198516685
b1300,-0.0225033306163697
b1301,-0.1053222073159162
b1302,-0.027454842661894
b1303,0.2185157339652493
b1304,2.0099561838107567
b1305,-0.3689865791534326
b1306,0.981355380346576
b1307,1.6372709894360282
b1308,2.9680051934268983
b1309,0.0592125843161235
b1310,0.0698343133860687
b1311,0.2501167241462368
b1312,0.2284736923786973
b1313,0.0914181412546957
b1314,0.4767434035718957
b1315,0.0679748147342932
b1316,-0.0207218166545199
b1317,0.1887841553682745
b1318,0.2751552774464416
b1319,0.2241581044828989
b1321,0.1210763749011809
b1322,0.1132236858643628
b1323,0.0714736151885648
b1324,0.0190927672530554
b1325,0.0315139423657961
b1326,0.4115908674355468
b1327,0.522722539844401
b1329,0.2159651820366656
b1332,0.0458828948521232
b1333,0.0077649078106913
b1334,0.8337537027704789
b1335,-0.0717516370795093
b1336,0.5963695632476551
b1337,0.9903510585179316
b1338,0.8770346618615245
b1339,-0.2343357058171187
b1341,0.2398886012927427
b1357,0.1329699799667506
b1358,-0.0819888519308301
b1359,-0.3847082766250942
b1360,0.3250169255516976
b1361,0.0410359699945317
b1362,-0.0120771556813773
b1365,0.7891137277075317
b1366,0.3572297305127835
b1372,0.5643896345183139
b1377,4.42513683930373
b1378,0.1548801935312751
b1379,0.1266180471678052
b1380,0.038755621998521
b1384,0.0359567324724728
b1385,0.514209853880521
b1386,-0.3347134591100118
b1387,-0.1419494463686444
b1388,0.2063240615570008
b1389,-0.1967910460926769
b1390,0.1010415719666903
b1391,0.3630521135322723
b1392,0.0489032658614121
b1393,0.5775264099634955
b1394,0.2330446344831225
b1395,0.49133210257229
b1396,-0.1102440447020351
b1397,0.006265663984689
b1398,0.4309747802096363
b1399,0.4251731327625317
b1400,-0.0664390956433391
b1407,0.3665464809719189
b1408,-0.0824912258078315
b1409,1.1498316700070217
b1410,0.8573043929463292
b1411,0.3317844231865349
b1412,0.1975788127518972
b1415,-0.0818344563395314
b1420,0.5853951931400999
b1421,0.2289024266140763
b1422,0.112722558129828
b1428,0.3475490245211511
b1429,-0.3264721207434933
b1430,-0.1108138203197082
b1431,0.3404208104296012
b1433,0.5895776829132842
b1434,0.0055152735661339
b1438,0.2837973638780636
b1440,0.0502235375319051
b1441,0.0457289629187673
b1442,0.0385802708730419
b1443,0.0318856394670413
b1444,0.0262180035640358
b1445,0.8549692317070817
b1446,0.3611145435696801
b1447,0.2442697371678666
b1449,0.1281641567781657
b1450,-0.0627251921480024
b1451,0.5379291814013994
b1452,0.1375028519749546
b1453,0.8147264224852258
b1465,0.0153886180227757
b1466,-0.0318300851344798
b1469,-0.2131556881401847
b1473,0.1413289004748368
b1474,0.1595587301839311
b1475,0.0320111584070331
b1476,-0.0591937924713136
b1480,-0.6698516079737877
b1481,0.1933357314937671
b1482,0.7986244419049209
b1483,0.3200357701865624
b1484,-0.222249746012731
b1485,0.3813016137840201
b1486,0.0174202982393827
b1487,0.0282894695830482
b1488,0.3431836318552575
b1492,0.0721060627195332
b1493,-0.2390289720583505
b1497,8.015132902187736
b1498,-1.703884625239024
b1499,0.7187621510463265
b1500,-0.1222748976569286
b1501,-0.1332532266069598
b1502,0.4552370998087218
b1507,0.0659674022716878
b1508,0.3582692536872205
b1511,0.1120505473346932
b1512,0.2914734129142693
b1513,0.1469777697656233
b1514,0.2442893660931733
b1515,0.061803725368084
b1516,0.0046878885817807
b1517,0.0583336774200201
b1518,0.2509020340213669
b1519,0.7055382181735924
b1521,0.1051631773059346
b1525,-0.014024566123919
b1527,0.2161319885181904
b1528,0.4773341543757497
b1530,-0.4769856891945646
b1531,-0.0355636295733865
b1532,-0.3023650148652941
b1533,0.1442981565842197
b1534,-0.1312528949579496
b1535,0.5551889208796418
b1536,0.9632413656806802
b1537,0.986054574819135
b1538,0.219931511259364
b1540,0.1309624563350093
b1541,0.6145249095419896
b1542,0.1435865408775467
b1547,0.3421968408884186
b1549,0.1250827666942129
b1552,0.1442613927625847
b1555,0.0484316136358253
b1557,0.7935952677775715
b1562,-1.689045675712882
b1563,0.7127773199186024
b1564,-2.869484722119534
b1566,0.7747998179789106
b1567,1.144753213032477
b1568,0.1550607418279001
b1569,0.8509858815944022
b1571,0.4027617151354252
b1572,0.8216487657566723
b1575,1.1201195223154845
b1576,-0.0361811103319554
b1577,0.3721311360457672
b1578,-0.1342469998072841
b1579,0.7535586302557563
b1580,-0.0169487119665494
b1581,-0.0592479902213179
b1582,0.8301912126782697
b1583,0.6230139036596366
b1584,0.8092184177589928
b1586,0.0441380480970604
b1587,-1.0696612872507136
b1588,-0.2618238113096551
b1589,-0.2680951506599319
b1590,-1.043498715627342
b1591,-0.9167294910886872
b1593,0.0861667014359927
b1594,-0.0338985350803038
b1597,-0.0486933039865011
b1599,0.0273653753212691
b1600,0.0298311455295465
b1602,-0.7551245904141227
b1603,-0.7191335421671003
b1604,0.5508111673948949
b1605,0.0836634045153611
b1606,-0.0337778700597585
b1607,0.0342719348495719
b1608,0.0346923436962405
b1609,0.1790061239605627
b1611,0.3346118788131362
b1612,-0.3294931940457575
b1613,0.0606261087529382
b1615,0.2058155063019628
b1616,0.8985549607406347
b1617,0.8897443220701257
b1618,0.156115282190071
b1620,-0.9974678699808656
b1621,-0.1160647056966755
b1622,-0.2981500143623387
b1623,0.2701091606558599
b1633,0.2047887388130545
b1634,-9.220461491785182
b1641,0.104612024545393
b1642,0.09179051640708
b1643,0.7453677670931771
b1644,1.0852998278208077
b1645,0.0316606396377838
b1646,0.2429829550856537
b1649,0.1716073334549797
b1650,-0.0583987879110328
b1651,-0.0751218822996027
b1653,0.2453847170205452
b1654,0.0482290448445396
b1655,0.1873226875857759
b1656,-0.1377767916582276
b1658,-0.0142073769729622
b1660,0.4319669595445196
b1661,0.7934728193689502
b1664,0.1654367940483415
b1665,-0.038039124189789
b1666,-0.008072295674572
b1668,0.0137730484931685
b1669,0.2180440309931975
b1670,-0.4025316585088987
b1671,-0.7301823620455865
b1672,0.4226930659110375
b1673,0.1612506578628399
b1674,0.1418185909600428
b1675,0.0921702490378148
b1676,0.4900892417832277
b1677,0.0656489753112926
b1679,-0.2188628230958885
b1680,-0.0866433260799
b1681,-0.0294835272787566
b1682,0.3364093122355036
b1683,0.409003850703358
b1684,0.2395263168565384
b1689,0.0059007976172871
b1690,0.2994841565935616
b1692,0.1686737708956473
b1693,-0.7949944560243916
b1695,0.437537772001126
b1696,0.1353759829521695
b1702,0.0665078685281138
b1703,0.694378839719623
b1704,-0.055754267470524
b1706,0.3444905813949505
b1707,-0.4950161338584578
b1709,0.6966758818798979
b1710,0.3817984816574463
b1712,1.6449246615973203
b1713,-0.9897485010402132
b1714,-0.7379994428983304
b1715,-1.186336031318714
b1716,0.1152443864272322
b1717,-0.0925443365475062
b1718,0.1149392535655544
b1719,0.1039968025441614
b1722,0.6426514733443403
b1723,-0.2568478332080722
b1726,0.0608093371737155
b1727,0.8729316906568535
b1728,0.1383672168993672
b1729,0.3021744304569616
b1731,0.086450837008376
b1732,1.9296355874197963
b1733,0.0109325807103735
b1734,0.0430068610035956
b1735,0.2107293752016004
b1736,0.0432403783070948
b1737,0.913321263289133
b1738,0.468856459739227
b1739,-0.2241791625732224
b1740,0.2790717475472964
b1741,-0.294374005647561
b1742,0.5526235137382152
b1743,0.7626077121783014
b1744,0.3569698692740674
b1745,0.1150968074011871
b1746,0.1345289456260384
b1747,0.0337691703721305
b1748,-0.0248506889226386
b1749,0.2981411040549501
b1758,0.4315189534800623
b1759,0.4704911338413834
b1760,-0.2066165620920607
b1761,-0.0931386222684944
b1762,0.058235404164647
b1778,0.0708437601924876
b1779,0.6736805982731124
b1780,0.2726105926858658
b1781,0.5329675297397747
b1782,0.1811586344771807
b1783,0.7931565760441092
b1784,0.7368133614489172
b1786,0.2872293215766796
b1791,0.2599434699925028
b1796,0.0280480343445303
b1797,0.255718590678716
b1798,0.3945922678879226
b1804,0.1224071507271682
b1805,0.5501053701703009
b1806,0.8026323492818187
b1808,0.4669975443800323
b1810,0.1140840074931071
b1811,-0.0266475338267619
b1812,0.6036091774703857
b1813,0.1755865439355305
b1814,0.534710809521387
b1816,-0.0324469514744219
b1817,0.026218035118616
b1818,0.0029126657132411
b1819,0.0387899204448858
b1820,0.5816014431116442
b1821,0.2306331589769336
b1823,0.3700940229509135
b1824,0.5952057247882013
b1826,0.351366980861127
b1827,0.492176871218148
b1828,0.801917748223501
b1829,0.364527275320438
b1835,0.7805068840559404
b1838,0.2952551693330766
b1839,0.7850645164870589
b1840,0.8366354662805399
b1841,0.7337661139690463
b1842,0.5259426929273334
b1843,0.0894265984966089
b1844,0.1083740860898692
b1846,0.023861808495994
b1847,-0.0901910789709474
b1848,0.29303713039652
b1849,-0.1268095520579822
b1850,0.0659730703630262
b1851,0.1132459863089442
b1852,-0.0494649901675077
b1854,-0.0225108252126583
b1857,0.3915895773710389
b1858,0.0141593957130459
b1859,-0.0702447305992274
b1860,0.1814856632791792
b1861,0.364563423373679
b1862,0.3081352295793479
b1863,-0.0621391965460136
b1864,-0.0443957737298418
b1865,-0.092381293400029
b1866,0.642603574309165
b1867,0.2860961767116219
b1868,0.382982012355099
b1876,0.1071424235987938
b1877,0.3568516820269122
b1878,0.1570986239877015
b1879,-0.0310000380965364
b1880,0.0050631693627131
b1881,0.0002461452402634
b1882,-0.160219836081511
b1883,-0.1394287790801947
b1884,-0.0365821324107226
b1885,-0.0123053974704168
b1886,-0.3110965472912228
b1887,0.3821934515560319
b1888,-0.0209025580407649
b1889,0.0578791044910199
b1890,0.6488848853219997
b1895,0.1478914734747471
b1896,0.0816594048660157
b1897,0.1802300417111932
b1900,-0.088094076849316
b1901,-0.168057870388874
b1902,4.701988242128605
b1904,0.2153398628864145
b1905,-0.0353391206230617
b1907,-0.1921334438205973
b1909,-0.0973031495304421
b1910,0.0160639841331195
b1911,-0.0152243309794362
b1913,-0.7176562806880008
b1914,-0.2820765892032339
b1915,0.842752859342983
b1916,-0.4690461193412083
b1917,0.1506437071104356
b1918,0.1595057200934517
b1919,0.1573975478803318
b1924,-0.3044739959215438
b1925,0.7348696037339587
b1926,0.7046050487496647
b1927,1.0324695633172998
b1932,0.100835629748501
b1937,0.1614687451152827
b1944,0.0459979429864417
b1945,0.1095303835797816
b1946,0.0932113399190741
b1947,0.0060048115551693
b1948,0.0089827249704617
b1949,-0.1984482229138824
b1950,-0.0815449922986108
b1951,-0.1480244420098324
b1954,0.756233258252262
b1956,-0.0466497035632377
b1957,0.3807479752799515
b1960,0.7739736635201598
b1961,0.6436984679877821
b1967,0.8044207282088331
b1968,0.7928947646232899
b1969,0.7008124397686484
b1970,0.732551365714978
b1973,-2.2231323401087604
b1974,0.3997742187244191
b1975,0.4463504690650552
b1976,0.1183227949955011
b1977,-0.9689723759421264
b1981,-0.7046824224011211
b1982,-0.6469677497804291
b1986,0.0648348876896327
b1987,0.0477310411932621
b1988,1.008833063344906
b1989,0.612162010226062
b1991,-0.6496594297115007
b1992,-0.2101242761138935
b1993,-0.4647363460120827
b2000,-0.1895850725361913
b2009,0.9761356963068109
b2012,0.8075406746493922
b2013,0.8787570136919695
b2016,0.0856301750767181
b2017,0.3903081890473971
b2018,0.9759396117394852
b2022,0.225291847396693
b2023,0.3218414699122839
b2024,0.2965086553803951
b2025,0.1960375652583686
b2026,0.1655292953580819
b2028,0.4314455135705658
b2029,0.3444201951795838
b2037,0.9481713710479892
b2038,0.9973746900773248
b2039,0.9960564835328058
b2040,0.9968915236335266
b2041,0.9798010085990584
b2054,0.7926802419353733
b2055,0.7696741135289314
b2058,-0.662625135704278
b2059,-0.0245426251900986
b2060,-0.6078392077007557
b2061,0.1681716277838062
b2062,-0.4611034517095237
b2063,0.5181488859503435
b2065,0.3378706739783663
b2066,0.3310661797289265
b2068,0.1414823856520878
b2072,0.1682032016866984
b2073,0.4305620206097089
b2074,0.3738232027696305
b2075,0.8117639402730185
b2076,0.5816188354959266
b2077,-0.4673522128056537
b2078,-0.0665186070654453
b2079,-0.0063970935807429
b2083,0.2727363553599197
b2085,-0.4567897713496602
b2097,-0.051084977530322
b2105,0.3272019685746457
b2106,-0.0960001247339288
b2107,-0.1079926427351779
b2108,0.2958183798429359
b2109,0.1151895716820245
b2110,0.1967836563915143
b2111,0.1744831963764178
b2112,0.0042197012435615
b2113,-0.018973532306734
b2114,-0.0237963193742468
b2119,0.3293332492350745
b2120,0.4520720003028978
b2121,0.4855961124840002
b2122,-0.1058679579583057
b2123,0.3110542066294126
b2124,0.8270400077655335
b2127,0.655004850761223
b2128,-0.0464267302405495
b2129,-0.0257371836567964
b2130,-0.0535477809131715
b2131,0.0880832054024458
b2132,-0.5360286798004723
b2133,0.2831805590441308
b2143,0.6595354200003974
b2146,0.2398127524602302
b2147,0.2501493779098908
b2148,-0.3226654678556213
b2149,-0.2147693445315944
b2150,-0.1461166458586354
b2151,0.2311056179486192
b2152,0.0518367833534787
b2153,0.030237042838176
b2155,0.121359293265523
b2156,-0.9086919092614634
b2157,0.3785500216910477
b2158,0.990500216447275
b2159,-3.0043817781010813
b2162,0.3732899268589158
b2163,0.619899578655444
b2165,-0.1162319216989176
b2166,-0.0921069428953796
b2167,0.3168633345839635
b2168,0.2694170165203262
b2169,0.2795357759730844
b2171,0.2922926739119186
b2172,0.0893535012620471
b2174,-0.0579849766537908
b2178,0.2460391835279813
b2181,0.18200438250136
b2184,0.0755605507790421
b2185,-0.0655673157601564
b2188,0.9178570844331356
b2189,0.0792880557588667
b2193,0.1600008839344116
b2194,-0.3583118546496627
b2195,-0.5722241182690679
b2196,-0.3529238821064077
b2197,-0.3320813250710389
b2198,-0.4627018374904261
b2199,-0.5679600759451813
b2200,-0.3474003114265092
b2201,-0.2121022933171786
b2202,-0.3385730833223423
b2203,-0.4143102342575694
b2204,-0.1208852469260603
b2205,0.1425241602034664
b2206,-0.1116457482924521
b2207,0.1388098709218668
b2208,0.1345345452046643
b2209,0.1293385423651882
b2210,0.5264577048581179
b2211,0.2260116016184648
b2212,0.2142536316553736
b2213,0.2491114598174529
b2215,-0.133983276583898
b2216,-0.0732990199177501
b2217,-0.112194123224419
b2221,1.925685055026138
b2222,0.8040028278144901
b2223,1.939472865556827
b2224,-1.0864051559833086
b2225,0.290595359780323
b2231,0.0766541622579318
b2232,0.0515496030543246
b2234,0.0829688831074904
b2235,0.0718464763756974
b2236,-0.0526710916051282
b2237,-0.9275786101833392
b2239,0.0889536941317906
b2240,0.3109391058636528
b2241,0.2924060589294636
b2242,0.3013339475331884
b2243,0.290992866451269
b2253,0.2046835493313475
b2254,0.1371204068197536
b2255,-0.0474688816218964
b2256,0.3729718472499861
b2257,0.3890793608492962
b2258,0.1423485463512803
b2266,0.2880438277939656
b2268,0.1815268429530345
b2270,0.1309581272957744
b2271,0.215124921967595
b2273,0.1258155511381286
b2274,0.461129613395692
b2276,0.4682750754372149
b2277,0.1457876885144738
b2278,-0.1270756152721548
b2279,0.0443155590185766
b2280,0.0422399102985555
b2281,-0.1487201119804651
b2282,0.1238131602443698
b2283,-0.1811097896199867
b2284,-0.4801401155967744
b2285,-0.1168943955588076
b2286,-0.0096292485873564
b2287,-0.0813836454378942
b2288,0.1608867664255499
b2289,0.0004359598840826
b2290,0.5690376312683424
b2291,0.0592248309083354
b2293,0.2444751538987822
b2294,0.2958956662673739
b2295,0.1717671590442914
b2296,1.176997869351403
b2297,0.1338451077326963
b2298,-0.0975362500739195
b2306,-0.0437497074348461
b2307,-0.003872389879733
b2308,0.0292441762538915
b2309,-0.0483908389702635
b2310,0.177151867356728
b2311,0.0843932245182397
b2312,-0.0571574501618981
b2313,-0.0125553448788387
b2316,0.0143172216282644
b2317,0.6182030956198754
b2323,-0.0721898161458802
b2325,0.8186745146000184
b2326,0.7768768903692826
b2327,0.8560137445125316
b2328,0.7242113757982034
b2329,0.5738662020094804
b2330,0.7786560286434123
b2331,0.5943934917718954
b2332,0.0494625688134574
b2333,0.1538792954951536
b2339,0.8582577245806071
b2340,-0.6523283088911727
b2341,0.27790389280618
b2342,0.3166516344136227
b2343,0.5441965009028112
b2344,-0.0383225003370289
b2347,0.2275662434740846
b2348,0.2739806847552474
b2349,-0.0777172486602076
b2364,0.2985358395987743
b2365,0.4893779795015968
b2366,-0.1069331619846015
b2367,0.1534683899326318
b2368,0.2469563409554493
b2369,0.2309842279663938
b2370,-0.5529909199278173
b2371,0.7365502588292663
b2372,-0.203370010405635
b2373,-0.990265845692894
b2374,0.1000339619515685
b2375,0.7413541908684788
b2378,0.8190024983900124
b2379,-0.8058780010344916
b2380,0.5797363481714778
b2381,-0.0318637055406953
b2382,0.1865468498980565
b2388,-0.4835144848936882
b2392,0.6393466978639579
b2393,0.1605115266875585
b2396,0.0039668825683676
b2397,0.0790882296077279
b2399,0.1936740813680125
b2400,-0.0164124639906309
b2401,-0.0477826614456808
b2402,-0.0212025680911054
b2403,0.0091078369104768
b2404,0.0410741818891217
b2405,-0.8873554861953153
b2406,-0.3600295206517703
b2407,-0.0454408329200112
b2412,0.5049387735385099
b2414,0.0210285486798033
b2415,0.1303324782261837
b2416,0.1327376424530389
b2417,0.1266015194386463
b2418,0.502828191034066
b2419,0.0899403042071783
b2420,0.551085562852835
b2421,0.1395998296902202
b2422,0.5253935745570588
b2423,0.261082329970226
b2424,0.2574627791820164
b2425,0.2313550812420088
b2427,-0.0410580193103528
b2428,0.4533463911559353
b2429,0.4649981907111011
b2430,-0.2755104837766671
b2431,0.9562176028766376
b2432,0.652669905899237
b2435,0.3111194031260654
b2436,-0.1398286950648889
b2451,0.2076979460196684
b2452,0.0806643976056446
b2457,-0.5307143497057231
b2458,-0.5391246135127292
b2459,-0.3462381243869051
b2460,-0.392371988877145
b2461,-0.3821927990565211
b2462,0.1648933914187394
b2464,0.5522843300527996
b2465,0.4549247580877947
b2468,0.2153167153317467
b2469,0.0784119908953835
b2470,0.090430380165117
b2471,0.0950494436990124
b2472,0.0157119077960514
b2476,0.0419840678723914
b2477,0.0656846222650787
b2478,-0.0624383280894415
b2479,0.0697826462603623
b2480,-0.0410049296903579
b2481,-0.1803730019222607
b2482,-0.5338618253127899
b2483,0.3349177631033528
b2484,-0.2054035124698329
b2485,0.3171672392442637
b2486,0.322446424324499
b2487,0.1588811396592995
b2488,0.0723009145606483
b2489,-0.3204030985433578
b2490,0.2415894560032528
b2491,-0.2981658640669211
b2492,0.3488108992698898
b2494,0.3847105381242539
b2495,0.8609545064109957
b2497,0.0509466772193851
b2498,0.0611476287427747
b2499,-0.0613176966958709
b2500,0.0494538868052612
b2501,0.0421447168346409
b2502,0.2979328533753469
b2503,0.0010761776310135
b2504,-1.0654018594134511
b2505,0.5334983441508252
b2506,0.0468637628176855
b2507,0.1019762426260168
b2508,0.1306373714202083
b2509,0.2772742143845874
b2511,0.9026862905343244
b2512,1.0093997182858248
b2514,-0.0679203305377268
b2518,0.2226916400741302
b2524,-0.1292634044732387
b2525,-0.1126920615500735
b2526,-0.0894878215107918
b2527,-0.0920711587162759
b2528,0.1526746667645623
b2529,0.1099615467463483
b2530,0.0295175075681379
b2531,0.1862835883251432
b2535,0.6401779367289185
b2537,0.1514075609549971
b2538,0.0652213119287647
b2539,0.0645226558313477
b2540,0.4221477113171684
b2541,0.0156581637764593
b2542,-0.0032960703558078
b2551,-0.0444939566276116
b2552,0.0532978078949358
b2553,-0.0037739210746639
b2554,0.2883868215682163
b2556,0.213649553583702
b2557,-0.0369354942431975
b2558,-0.0749016081363476
b2559,0.1472074362702018
b2560,0.2711146137943435
b2562,0.5589808541203216
b2563,-0.0256427935184259
b2564,0.1337035376303721
b2565,-0.0576891658967094
b2566,-0.072559071539545
b2567,-0.0975642472515813
b2568,0.9049313457937448
b2569,0.9058860777388664
b2570,0.1952253129247411
b2571,0.1602006716855592
b2572,-0.2781375755104472
b2573,0.038064493547995
b2574,-0.0357742675158584
b2579,0.0748375681733709
b2580,0.0368881848149165
b2581,0.6168293873693989
b2582,1.0722879065003574
b2583,0.3258978665866889
b2584,0.7413074206234134
b2585,0.111373765488457
b2587,-0.0022056891025178
b2588,0.5813729680100902
b2591,0.9381582285429928
b2592,0.035838089728382
b2595,0.8673320104410291
b2597,0.4462131655222079
b2598,0.5645418428646731
b2599,0.3421777893762288
b2600,-1.872410636591712
b2601,-1.723624816953803
b2602,0.0545995408116157
b2603,-0.6869192708223
b2604,-0.6139702302597247
b2605,-0.2366897556326223
b2606,-0.0379080095071752
b2607,-0.0473773550245283
b2608,-0.050368664338767
b2609,-0.0456727553051196
b2614,0.2791634829280913
b2616,0.2637444784583455
b2617,0.3628493137399435
b2621,0.9524821958467016
b2622,0.3767154867247709
b2625,0.1663843872781583
b2627,0.4035906681184882
b2628,0.8013075441875559
b2630,0.205176337967001
b2631,-1.8376073259253776
b2647,0.1094896975295926
b2652,-0.0023186786452843
b2659,0.1471168957473463
b2660,0.0392338377093464
b2661,-0.1115729370484089
b2662,0.2059273342002876
b2663,-0.1319881322104923
b2665,0.6629333293560291
b2666,0.8426767233316401
b2667,0.447277929150321
b2668,0.7359346376761363
b2669,0.12031372517547
b2670,-0.0563356351927037
b2671,0.1817155895168932
b2672,0.098373469419872
b2673,0.3884944305108989
b2674,0.3996696113384528
b2675,0.122390559844335
b2676,0.346593040912236
b2677,-0.2268225688747994
b2678,-0.210451629349034
b2679,1.49344809870931
b2682,0.8964345783909559
b2683,0.9122352258922742
b2684,-0.1950569521762011
b2685,0.2012715751721255
b2686,0.2341687118389143
b2687,0.348710895289707
b2691,-0.0016889385514522
b2692,-0.0603762417491497
b2693,-0.0719103132503828
b2694,-0.1129092078582758
b2695,-0.117785302555709
b2696,-0.1459662905323579
b2697,0.6145100917133004
b2698,0.2356650118986234
b2699,0.0720984937744852
b2702,0.232220899459027
b2703,0.135141931458699
b2704,0.0812382547341898
b2705,0.0832843035705324
b2706,0.0844151404242944
b2707,-0.4365631409116535
b2708,0.0428529346875083
b2709,0.0007763305458799
b2710,-0.0414187056870785
b2711,0.1776193734364626
b2712,-0.0741952586556602
b2713,-0.4317697819145107
b2715,0.3554254443141748
b2716,0.3670784966060926
b2717,0.0305152555446647
b2718,-0.2573132904018251
b2719,-0.2705782792802204
b2720,0.447258776558859
b2721,-0.585453526987931
b2722,0.036735218617423
b2723,0.4522431269819104
b2724,-0.4514975260056105
b2725,0.4271622417352504
b2726,0.3656340194278272
b2727,0.4091594476051757
b2728,0.6744795950545007
b2729,0.1698254079047737
b2730,0.1814281452554209
b2731,0.541493197499369
b2732,0.9360606367032214
b2733,0.7683867311889652
b2734,0.5002998152661792
b2736,0.029500546035416
b2737,-0.0771305705064823
b2741,-0.3821757091298426
b2742,-0.7059501716571857
b2743,0.0951432442001137
b2744,-0.0291465566876595
b2746,0.8916560724423702
b2747,0.8546838168123795
b2750,0.1846958202074588
b2751,-0.1441919983310702
b2752,0.3166663786726919
b2754,1.2416169710176914
b2755,-0.214508296592485
b2756,0.501327377520537
b2757,0.1344142195724924
b2758,0.3667915178566742
b2759,0.1989273230686968
b2760,0.2836990466942629
b2761,0.7537975095570565
b2762,0.0867206675195644
b2763,0.0100673695762197
b2764,0.4234391086523912
b2765,0.7566315600625306
b2767,0.1071427201077004
b2768,0.3371820741693341
b2771,0.60629226868989
b2774,-0.2237251838079234
b2776,0.0813353313316589
b2777,0.7152967047024701
b2779,0.4772128760104094
b2780,0.571086932730521
b2781,0.1838985326870196
b2782,0.1114380645145261
b2783,0.1451982661130415
b2784,0.0862097683908888
b2787,0.0481958167526752
b2788,0.7604244000289282
b2789,0.163423556277216
b2794,0.8676538897782929
b2795,0.1714302669050766
b2796,0.3081883668787853
b2797,0.400853914630844
b2799,0.7414057667687052
b2800,0.4628511567870086
b2801,0.6839652627533184
b2802,0.330057421621397
b2803,-0.0282076975467325
b2804,0.0379505488507609
b2805,0.1344034836972912
b2806,0.7831662771207636
b2808,0.3570952420417985
b2813,0.1792706033461638
b2814,-0.1164679259347252
b2815,-0.0896082919374754
b2816,0.1825882161485924
b2817,0.5634577440991875
b2818,-0.0122973860928977
b2819,0.023896725786551
b2820,0.014573346608118
b2821,-0.4695448068564551
b2822,0.2099085127949863
b2823,0.7241003762383985
b2824,0.7160396867888265
b2825,0.3055978391915183
b2826,0.6122474473365633
b2827,-0.1124655641988915
b2828,-0.0695665292698704
b2833,0.0189785762049246
b2837,-0.0483257151593873
b2838,0.3656572717328047
b2839,0.0096302798223861
b2840,-0.4646091932984842
b2841,-0.5454388855856009
b2843,0.1792585330253255
b2844,-0.0565324649482131
b2845,0.6240480634037812
b2846,0.4933443031146234
b2848,0.3895023310857567
b2849,0.1899494645616439
b2851,0.3159644239085428
b2852,-0.1302452900636855
b2864,0.1088947673181421
b2866,-0.5934712000920491
b2867,-0.6149850833343998
b2868,-0.5062965293247431
b2870,-0.1379627033885215
b2875,0.0855432365880089
b2878,-0.1589548286353123
b2879,0.0332273571313128
b2890,0.1848183858612873
b2891,0.8529347057738226
b2892,-1.0148495661579524
b2893,0.1590782080157848
b2894,0.075001471936976
b2895,-3.393042876688784
b2903,-0.3932175979622913
b2904,-0.1682203427036099
b2905,-0.2467678762391876
b2906,-0.0706579607556056
b2907,0.0698391459401862
b2908,0.1278440937739131
b2909,-0.0977596777850668
b2911,0.8044442305214448
b2912,-0.0409310022346244
b2913,-0.2300003654027203
b2914,0.6040496924775355
b2916,-0.2480747351999755
b2917,0.4072629116883169
b2918,0.2616973733777372
b2919,-0.1864468009242361
b2920,0.1723904648008383
b2921,0.56628334326042
b2922,0.0205289926476176
b2923,-1.3689542349490202
b2924,0.4190248657949719
b2925,0.6038375979978379
b2926,0.3780947667911246
b2927,0.5776352946479296
b2928,0.8007141322141436
b2929,0.848151633669074
b2930,0.3560384655499244
b2933,0.0898141924497177
b2934,0.0490218931710331
b2936,0.5037660823253429
b2937,-0.0286764097065064
b2938,-0.1980546386720434
b2942,0.1765866154262666
b2943,0.1003656164537337
b2954,0.5720589877618787
b2955,0.6035895071547001
b2957,-0.7601534315795875
b2958,0.9288187711395838
b2961,0.1416149762637574
b2962,0.0879851403397414
b2963,0.0384398582148151
b2964,0.1321358074422245
b2965,0.1610628883335261
b2967,0.4443944613779332
b2970,0.8316619153259471
b2971,0.785709463661069
b2975,-0.3527787034832703
b2976,0.1746206147111667
b2977,0.1344065351178716
b2979,-0.8666276580138796
b2980,0.2241531355095449
b2984,0.8012173561529157
b2985,0.6769271222131363
b2986,0.9711515704471156
b2987,1.344592308196714
b2990,0.0466389730067865
b2991,0.1017771078132008
b2992,0.0781335433876667
b2993,0.1011342641146326
b2994,0.0768835278599734
b2995,0.066480115405006
b2996,-0.0044261062834692
b2997,0.0074824547724866
b3005,0.2542845165414439
b3006,0.3673336311593198
b3008,0.1927271303907696
b3010,0.7007682760063593
b3011,-0.099072724783913
b3012,1.0888867442582797
b3013,0.4300131458832623
b3021,1.1607552145679747
b3022,0.3960952872209594
b3023,0.3113236392903958
b3024,0.2031865969004639
b3025,0.0992317335111887
b3026,0.1176526869808446
b3027,0.7716311006489659
b3028,0.7335618829326861
b3029,0.0742050206442047
b3030,0.2441235714896174
b3031,0.2437283543644944
b3032,0.0943694834666823
b3033,0.1042541638913016
b3034,0.2232479921374054
b3035,0.7227811632307892
b3037,0.7395826814754265
b3038,0.7657812374186689
b3039,0.9531874703377168
b3043,0.5044001612450137
b3045,0.2913066679012168
b3046,0.2837037090883431
b3047,0.0109598235114797
b3048,0.0980913239991388
b3049,0.5126974880938096
b3053,0.7805956358595257
b3054,0.9181948005520576
b3055,0.5382237101063244
b3056,0.4831850986468348
b3057,0.7429321214439574
b3060,0.3059168077329584
b3061,0.8916133549457456
b3062,0.6343647493096289
b3063,-0.4548549097742565
b3065,-0.0193581225301507
b3066,-0.0287980759064314
b3067,0.9030422334567686
b3069,0.2429848108330541
b3070,-0.2493002357370139
b3071,0.4800534644779122
b3072,-0.0206094976510563
b3073,-0.2311944858517161
b3074,0.2417388098750544
b3076,-0.029243125529726
b3077,-0.0827258554450626
b3078,0.2566553424156893
b3081,0.5120658172728842
b3082,-0.0054828153774872
b3083,0.0958000748984123
b3089,0.102839753105401
b3090,0.1704590852161101
b3091,-0.5126636078934151
b3092,-0.4598070194814768
b3093,-0.6725449913297485
b3094,-0.002442175398462
b3095,1.059925527701433
b3096,0.9354100498427992
b3101,0.2196008931161879
b3104,0.466829781402505
b3106,-0.0672105158205422
b3107,-0.1599050100675982
b3110,0.6295399004253693
b3120,0.0543677184077667
b3121,0.5276422544463523
b3123,0.907410185865759
b3124,0.3677701705422241
b3125,0.1670584200502823
b3126,-0.0270774336327447
b3127,0.2072055174173907
b3128,0.4179287389655459
b3129,0.4345461773652321
b3130,-0.197914364749414
b3131,0.2260295258997761
b3132,0.0595083443027776
b3133,0.1524139093064237
b3134,0.1406291354136764
b3135,0.1548805668998453
b3136,0.2412142839000833
b3137,0.0639027766467137
b3138,0.7508352597407485
b3139,0.1418453478430323
b3140,0.1698085051142465
b3141,0.1031618178202769
b3142,0.8929031095289316
b3150,0.7113664344233741
b3151,0.2798816814438047
b3153,0.6323592104903812
b3156,0.3525921684912128
b3157,0.3144858600416756
b3158,0.1870896275267257
b3159,0.2582267155528623
b3160,-0.213184959017623
b3161,0.1037035680562327
b3162,0.2691581460811369
b3164,0.0741962672242573
b3165,0.0829257910381711
b3166,0.0777295848780695
b3167,0.075235269082938
b3168,0.1911158272587727
b3169,0.1499021798594098
b3170,0.0970696592710998
b3171,-1.0255440588761813
b3172,0.1261137040061387
b3173,0.3330137910392418
b3174,0.5335061906877878
b3175,0.4293899738418762
b3178,0.0430246729455234
b3179,0.039967004828707
b3180,0.6059862763680439
b3181,0.3484089463247766
b3183,1.4047040059791898
b3184,1.3957451344240352
b3185,1.79241297595744
b3186,1.798693333365038
b3187,0.9072322126953022
b3188,-0.1929268839084539
b3189,0.8661255986291113
b3190,0.946498413044596
b3191,0.3861587328401117
b3192,0.5192308874557445
b3193,0.1582962160626204
b3194,0.1458015945899033
b3195,0.2888314533417842
b3196,-0.0139613832195746
b3197,-0.0332903501920056
b3198,-0.0428290212108463
b3199,-0.1129163783132155
b3200,0.3163105272917718
b3201,0.1086764808799895
b3202,1.0261174057247708
b3203,0.3321077200431686
b3204,0.252821620056848
b3205,1.876935361669149
b3206,-0.0519124475605039
b3207,0.2384424568074497
b3210,0.2331597678365162
b3211,0.3662925045945443
b3212,0.124256278073737
b3213,0.315006516632011
b3214,0.3238452057367267
b3215,0.8334202666426471
b3216,0.5282613746458742
b3221,0.0391588380245062
b3222,0.7491959350492389
b3223,0.0596325137760364
b3224,0.0825732408670703
b3225,0.9803162677661782
b3227,-0.3027285643493076
b3228,0.1373582716870256
b3229,0.1296285416043207
b3230,0.0753891856977768
b3231,0.0664651729962447
b3234,0.1219183439838016
b3235,-0.0019110831920604
b3236,0.0734460001734877
b3237,-0.026165367678945
b3238,0.4531801448279143
b3240,0.1027332790347957
b3241,0.3638303157854025
b3242,0.0136951730797095
b3243,0.2608475672260569
b3249,-10.915440929192393
b3250,-10.280438284226442
b3251,-8.400566326551527
b3255,0.0002998626167798
b3256,0.0711857194441925
b3257,-0.1236524584892254
b3258,-0.0566440069580106
b3259,-0.10954287270197
b3260,0.3498832864434241
b3261,0.9833749606873096
b3265,-1.2148941197797465
b3266,-0.2051380876450457
b3267,0.4227492942285543
b3268,0.522495213897252
b3269,0.0591508801977955
b3270,0.7152258017933658
b3271,0.1945177835848906
b3272,0.9545406134705638
b3273,0.0998724987145339
b3274,0.1499526269956366
b3275,0.9720233728425818
b3278,0.9473877019215308
b3279,0.4595702278094544
b3280,0.014477677097599
b3281,0.4998945608406719
b3282,0.1429930860363231
b3283,0.194041620580481
b3284,0.1589341292055991
b3287,-0.0234392758527592
b3288,-0.0001078791581554
b3291,0.1714110600625945
b3292,0.0264940684608916
b3293,0.053490212379553
b3294,-0.1047650729758902
b3295,-0.1090873273562984
b3296,-0.1115291934711819
b3297,-0.1056123875876732
b3298,-0.1054178389789338
b3304,0.6591077040068886
b3305,0.6657165070538652
b3306,0.6621848334664221
b3311,0.0825561821815177
b3312,0.0765746577821901
b3313,0.0813451346579253
b3314,0.0757549310662623
b3315,0.0766362899405172
b3316,0.0772798063418082
b3317,0.0740663094129304
b3318,0.0706599744437536
b3319,0.0745178422776766
b3320,0.0711932350541648
b3321,0.071159524413306
b3322,0.8375491074815831
b3323,2.210536584836416
b3324,0.931127727326126
b3325,0.2065636264518931
b3326,0.3765155253574486
b3327,0.1521727509498216
b3328,0.438051001789786
b3329,0.5808053533134726
b3330,0.974196880305179
b3331,0.3935194030967511
b3332,0.0109879334861256
b3333,0.0649801046481249
b3334,-0.1654960066630563
b3335,1.0088543044776772
b3336,0.1526303679326401
b3337,-0.0028210145372743
b3338,0.2408213906282813
b3339,0.3741129388510879
b3340,0.915231250852164
b3347,0.991651414258256
b3348,0.5210324767546315
b3356,0.1882393811303203
b3357,0.0061433514556646
b3359,0.0767539605117676
b3360,0.7458654297231155
b3361,0.2412829565640773
b3362,0.2481980650651665
b3363,-0.0131690059789996
b3364,0.0948150885121012
b3365,0.5111393637264051
b3366,-0.1015052093949169
b3367,0.0916037732388299
b3368,0.3143975578142564
b3369,0.0705208363801735
b3370,0.1568670582239467
b3371,0.1505061320708889
b3374,0.1142314873943075
b3375,0.1565861189637906
b3382,0.602681799322864
b3383,0.6159290391565025
b3384,-0.1014281241710715
b3385,-0.0822193899618829
b3386,-0.0232152585907089
b3387,0.0032815062241296
b3388,-0.012258585196454
b3389,0.2255506783690504
b3390,-0.0636207124096367
b3392,0.0122439662305061
b3393,0.2768534391677894
b3394,0.0636361354110495
b3395,0.1155031804991334
b3397,0.508579655625091
b3398,0.2866632621179301
b3399,0.4959783788402974
b3400,0.4688683982751272
b3401,0.4781143475665557
b3402,0.3498114887493435
b3403,-0.0304296776802428
b3404,-0.2897123749569778
b3405,-0.0343343602622976
b3406,0.7187430403004368
b3408,0.1740804567877197
b3409,0.2250543362726627
b3410,0.2724781682621453
b3413,0.0710847412147148
b3414,-0.2116688541165641
b3415,0.0596828659340299
b3416,1.384941742821306
b3417,-0.1578009844525153
b3418,-0.0613130423466571
b3421,2.283360201614834
b3422,0.20044567299496
b3423,0.3620581318583798
b3424,0.4062296905630406
b3425,0.3921826399040665
b3426,0.7051476591864962
b3427,0.3008696194117142
b3428,0.3167960550281618
b3429,0.3495510621534222
b3430,0.2350969997678356
b3431,-0.071018690449865
b3432,-0.0841969299339395
b3433,0.0681801044860742
b3437,0.1010938847741594
b3438,-0.0273226490637972
b3439,0.7913571013660301
b3441,0.0700967152198148
b3442,0.5068029896852563
b3446,0.3133503330056039
b3448,0.4116921037789695
b3449,0.2538284753091095
b3450,0.1346046658617814
b3451,0.1193251803192303
b3452,0.0788442317839988
b3453,0.3566635326135339
b3454,0.2700889787283069
b3455,0.374162300000869
b3456,0.0348304482966
b3457,-0.0640981100594519
b3458,0.0775827887776683
b3459,0.4822057053226184
b3460,0.1433822393316118
b3461,-0.3019030465444465
b3469,0.2514567931367434
b3471,0.5437739088918309
b3476,0.2052337705891346
b3477,0.226586144669139
b3478,0.2175905008475895
b3479,0.1431418672264947
b3480,0.0554137876816894
b3481,0.0942203895411959
b3488,0.2632497443794377
b3491,-0.3318359597220235
b3493,0.2323945050193114
b3494,-0.0044099255472345
b3495,0.346437092181511
b3496,-0.0737565809019338
b3497,0.4808829598010861
b3498,0.3865550376428327
b3500,-0.1259813983964379
b3501,0.5125572574242626
b3502,0.1831150612912961
b3503,-0.1081800378032254
b3506,0.3553543573316596
b3507,0.0049347001799507
b3508,-0.2056947474623081
b3509,-0.2451121814250838
b3510,0.0046607685989935
b3511,-0.1491289857629075
b3512,0.4128816883936214
b3513,0.1159810948009576
b3514,-0.2763421778785265
b3515,-0.0369057473825929
b3516,0.0277185820314254
b3517,-0.0291011224092792
b3518,0.2514772152012874
b3519,0.1729561284286683
b3521,0.2613736890325346
b3522,0.0991856097039696
b3523,-0.0260035805926221
b3524,0.1892803262055871
b3525,0.1777022866620135
b3527,0.6798760580755688
b3528,0.0712003603879075
b3530,0.003015001123794
b3531,-0.1094947607963612
b3532,0.0347180278767766
b3533,0.2316549392019452
b3535,0.1565071691367401
b3536,0.2310054351448391
b3537,0.1845418555174642
b3538,0.1044516049002545
b3540,-0.1678080462620723
b3541,0.1453565914970654
b3542,0.1108229092722875
b3543,-0.2848494621280051
b3544,-0.0860443565904219
b3545,0.8448605559116801
b3546,0.8939491737080677
b3547,0.2578734817088896
b3551,0.8009160142397611
b3552,0.8132855988360227
b3555,0.3385155196227176
b3556,0.0903905447827456
b3558,0.6916311829671622
b3559,-0.0650277138472827
b3560,-0.0744480779968085
b3561,0.2646158714114051
b3562,0.3623793558777948
b3564,-0.331774525653133
b3565,-0.2530560944216478
b3566,0.2617113647150224
b3567,0.2132055740037443
b3568,0.2523708060595933
b3569,-0.0490088865729391
b3571,-0.0642368461840534
b3572,0.4778569429235479
b3574,0.8773922539899497
b3575,-0.3665599585049889
b3576,-0.4194096856534425
b3577,1.3503569278552696
b3578,-1.029115525463957
b3579,1.3418625306682854
b3580,0.6985344258713732
b3581,0.3866771445160937
b3582,1.0426161763895545
b3583,0.8173938793431588
b3588,0.6279158232109265
b3594,0.4174685023302772
b3599,0.3464078153251684
b3600,0.451920473973679
b3601,0.9831406507735604
b3602,0.6529612444898966
b3603,-0.0247793096699132
b3604,0.2966820364513929
b3605,-0.012305507852721
b3607,0.5159560722334434
b3608,-0.0099145549134594
b3609,-0.0559599477679829
b3610,-0.0319250954089595
b3611,0.0133894447392856
b3612,0.5412338216047778
b3613,0.7135037684388592
b3614,0.7091137946408387
b3615,0.457067340881881
b3616,-0.9583065074660876
b3617,-0.8268100779055331
b3619,4.521548591722065
b3620,-0.9992457393171206
b3621,5.41935468112671
b3622,3.1981723706211307
b3624,0.948242203649938
b3625,-1.2777089154186223
b3626,1.6193035465881898
b3627,0.0912303107904557
b3628,-1.7036927376430393
b3629,-0.6158694813785236
b3630,0.2446513267705987
b3631,0.5884245421237078
b3632,0.1416624357678655
b3633,-0.0944672076452762
b3634,-0.0997550345364365
b3635,0.2285002286509046
b3636,0.5006477843560793
b3637,0.5010609344662473
b3640,-0.0969644338955959
b3641,-0.0753162332255919
b3645,0.3282557955824094
b3647,0.0661377867346581
b3648,0.4745278692904181
b3649,0.2425612385811455
b3650,0.1433315049768516
b3651,0.0724113821029868
b3652,-1.2690050405111035
b3655,-0.0308740943641499
b3656,0.2817353694541045
b3657,0.6506546325890723
b3658,0.5162195680028215
b3661,0.0749601194286919
b3662,0.2883734138948617
b3666,0.180321936324881
b3667,0.3391229107742298
b3668,0.5901945488359077
b3669,0.4612016601665222
b3670,0.6508520723227563
b3671,0.383024475602656
b3672,0.5220173406916632
b3673,0.1072382919316388
b3680,0.4669828240127344
b3686,0.0712392437576612
b3687,-0.0962087721157036
b3688,-0.6065705680621147
b3690,0.2022103016090695
b3691,-0.0636674232211106
b3693,0.1154471218751175
b3698,0.2377326694955104
b3699,0.1219851997816007
b3700,0.1205921092775819
b3701,0.1149829741437068
b3702,0.0805482443112576
b3703,0.8614149702703826
b3704,0.8546987335573549
b3707,-0.0750146625790025
b3708,-0.2996600211471907
b3709,-0.4860561328927099
b3710,0.1885102985201994
b3712,0.5963145006771203
b3713,0.0824018039461783
b3715,0.8113848589317338
b3716,0.6634219586910537
b3717,0.3563921510949882
b3718,0.4540720160818606
b3719,0.4966978457346533
b3720,0.6921899532980321
b3721,-0.4965363807369383
b3722,-0.1190251142557555
b3723,1.015129965635761
b3724,-0.4926260416592994
b3725,0.2920978683506135
b3726,-0.0212584845015891
b3727,-0.14113161186115
b3728,0.3521118787588666
b3729,0.0216032891948779
b3730,0.0777267116529901
b3731,-0.1425677076945905
b3732,-0.1487944663513292
b3733,-0.1707073321648403
b3734,-0.020012634993854
b3735,0.0073078430824241
b3736,-0.1436171565131097
b3737,-0.1379108394079723
b3738,-0.1405559199412716
b3739,-0.1263157509137318
b3740,0.3649534227117231
b3741,0.6344200983034594
b3742,0.0135515502927063
b3743,-0.2126737025830555
b3744,-0.6716963651698412
b3745,0.0417226395293354
b3746,-0.0478317696970118
b3748,0.0233096666601137
b3749,0.0649518773049189
b3750,0.0457793708268933
b3751,0.0652822815156579
b3752,0.0375939468437375
b3753,-0.1471063322214083
b3754,0.7413680165868224
b3755,0.9517690663870486
b3756,0.938896877812188
b3757,0.7741516491263144
b3758,0.9259841313549084
b3759,0.0744220188878911
b3764,0.3252343103995241
b3765,0.6134029904076304
b3766,-0.2576865721663878
b3769,3.480841743724396
b3770,1.2408539069452664
b3771,1.3474588456143664
b3772,2.38236845645429
b3773,-0.1393045859884038
b3774,0.1713741062580672
b3775,0.0666813951921456
b3778,0.5407914699846639
b3781,0.0873228622273191
b3783,0.6297031245064587
b3796,0.0397670111543855
b3797,0.0298081522644888
b3798,0.0431733370222913
b3799,-0.0323986352535509
b3800,0.4585269542397145
b3806,0.1330142394260757
b3809,0.0384064760816709
b3810,0.0058768190485639
b3811,-0.0726902323066835
b3812,-0.137051649096854
b3813,0.0226618444802398
b3816,-0.0138107028351858
b3817,0.6735483384398447
b3818,0.8065607335199874
b3820,0.2794346160449804
b3821,-0.0846769157728663
b3822,-0.045819829241277
b3824,0.6557268335353813
b3826,0.8722902579231139
b3828,0.0578634049744965
b3829,0.0829577569011539
b3830,0.7201182973165281
b3831,0.5726447180471596
b3836,-0.0373022124141165
b3838,-0.0864113739289755
b3839,-0.1209712243238603
b3842,0.8639208620099047
b3845,0.2843062439337446
b3846,0.24344233085077
b3851,0.9838329722596456
b3854,0.923334999332333
b3855,0.9745714567178416
b3856,0.6918506637311325
b3857,0.5151948447801007
b3858,0.2075409784483867
b3860,-0.8505580386592305
b3862,0.6917341554904772
b3863,-1.2297001188448875
b3864,-0.0257016802249798
b3866,-0.1402148780915111
b3867,-0.6769338870390085
b3868,0.0296514994490477
b3869,0.106918696447708
b3870,0.0462156192268094
b3872,0.8088207895658241
b3873,0.5563223240945571
b3876,0.0938852953705841
b3878,0.2344784010967159
b3880,0.0050879766810402
b3881,0.2226870927599532
b3882,-0.1753109306033742
b3883,0.564640178152551
b3884,0.0873550261582615
b3889,0.6585872001720623
b3890,0.4499853689415994
b3891,0.9130371527384298
b3892,0.8102294514466266
b3893,0.8448691077518501
b3894,0.8378349352061397
b3895,0.5677335243252585
b3902,0.1603829577031417
b3903,-0.0674086504944317
b3904,0.8377289725145376
b3905,-0.4736031119072251
b3906,0.9214148009892106
b3907,0.0257419034497433
b3908,0.6122425456232291
b3909,0.1607361928647293
b3910,0.0945964169578224
b3911,0.385180566411971
b3912,-0.1877954963330819
b3916,0.2746748050749422
b3919,0.3415050058738733
b3922,0.0900059538930482
b3923,0.0128370357113343
b3924,-4.7587610711187
b3925,0.2120395618236701
b3926,0.7073235989895559
b3927,0.4373354761910489
b3929,-0.6056802703972357
b3930,0.1670659543154187
b3931,0.4551677795133546
b3932,0.4381403768183744
b3934,-0.0993952258751594
b3936,0.6424220350197851
b3938,-0.0175254229811273
b3939,0.1290763263530254
b3940,0.1215184933163341
b3941,0.2207329775911189
b3942,0.9089610727846876
b3954,0.1554312161633727
b3956,0.3264907431462899
b3957,0.1438517971568366
b3958,0.3880368466820347
b3959,0.2354367243644842
b3960,0.3378098847760793
b3961,-0.0852268384259241
b3962,-0.0233150546982463
b3965,0.0667744088936498
b3966,0.1078400392399674
b3967,0.7445204266038394
b3968,0.136153758141753
b3971,0.9488973257656228
b3976,0.0436905359677895
b3977,0.0638709881982701
b3978,0.0312415169517748
b3979,0.0372368821175715
b3980,-0.0923043293855785
b3989,0.6491522784472356
b3990,-0.0531291872201714
b3991,-0.0518849528507146
b3992,-0.0654529160018033
b3993,-0.0435172764512266
b3994,-0.0540368737151323
b3995,-0.2800817377737302
b3996,0.7649930535214406
b3997,0.8665178146808231
b3998,0.8808458072234352
b4000,-0.7306188217252461
b4001,0.6757510068280691
b4002,0.9054672963317594
b4003,-0.0474517884254712
b4004,0.1280485522938808
b4005,-0.0769965521480217
b4006,-0.0778546360887886
b4008,-0.0125868492097637
b4009,0.1229314788100195
b4010,0.9718596490487988
b4013,0.0277605725181339
b4014,-0.3849322037464208
b4015,0.0881955194111676
b4016,-0.2941349972550502
b4018,0.0906437759442987
b4019,0.0071452271570863
b4020,0.2346313722662605
b4024,0.1101344353664438
b4025,-3.3350014588344337
b4026,0.8668759728879827
b4027,0.8774579213835932
b4028,0.8935705448364694
b4029,-0.5141167293295562
b4030,0.5882758957027041
b4031,0.2396354519900199
b4032,0.0031382864012265
b4033,0.0090620901906667
b4034,0.0043109675241059
b4035,-0.0528564642391533
b4036,-0.0451760070130268
b4037,-0.0571827504112058
b4039,0.4326565917816701
b4040,-0.2905849405895319
b4041,0.9750839883145044
b4042,0.4160360856518563
b4043,0.0449677302688648
b4044,0.1216612337788611
b4045,0.4459057176647677
b4050,1.868165777967581
b4054,-0.07632369159527
b4055,-0.0796172247210714
b4056,-0.090415609404623
b4057,-0.1090498907953491
b4058,-0.0017304401849028
b4059,0.0500636433676355
b4060,0.4473831850521202
b4061,0.0500157006905459
b4062,0.8357948992761368
b4063,0.4849275810630432
b4066,0.2235748199091715
b4067,-0.3963565387771215
b4068,-0.7433557170157541
b4069,-0.1854773146305038
b4070,-0.1260201592197277
b4071,-0.772860585001249
b4072,0.3125065562999326
b4073,-0.1640108425626934
b4074,0.6980168454715845
b4075,-0.1314506812421212
b4076,-0.8190447403489839
b4077,0.1969460200332019
b4078,0.5720269730914318
b4079,0.0797402984404197
b4083,0.3645959123161547
b4085,-0.1006481645206585
b4086,-0.1467047396878549
b4087,-0.039826865218563
b4088,-0.0427991125496364
b4089,0.1068587563180743
b4090,-0.4220162509937277
b4092,0.0990720077769466
b4093,0.0129344003479335
b4094,-0.0310445249629444
b4095,0.1262187700494648
b4096,0.6863319093210687
b4097,-0.1981944702390915
b4098,-0.0491889514142678
b4099,-0.0201935065463961
b4100,0.1663932914111059
b4101,-0.0818605741557381
b4102,1.015907277042888
b4105,0.0381024245836239
b4106,0.3960526325287158
b4109,-0.0303781016783046
b4110,0.0458551607515876
b4111,-1.08697701062523
b4114,0.0764847128813585
b4115,1.59564688823227
b4116,0.4151112309131951
b4117,1.916358987785697
b4118,0.4941066205363794
b4119,-0.3053949928687983
b4120,-0.4725928073701947
b4122,-0.0115770718408695
b4123,-0.0108462263435241
b4124,0.0352027525520276
b4125,0.065290019495058
b4129,0.0713272185288747
b4131,-0.4222264141155681
b4132,0.7384703078782723
b4133,0.4831721444267141
b4134,0.6684640944530947
b4137,0.0397963875307224
b4138,0.0232361744582648
b4139,0.1315041014329852
b4140,0.3653227739314544
b4141,0.3878274553193563
b4142,-1.390754056717372
b4143,-1.3620842931551167
b4145,0.4247690507541838
b4147,-0.0736521852050721
b4149,0.1037506053030297
b4150,-8.092667261131648
b4151,-0.6902902008254146
b4152,-0.7886226419422957
b4153,-0.5461221191747576
b4154,-0.723875986204946
b4156,0.2958144080785478
b4159,0.2674618703148183
b4160,0.2007045919325112
b4161,0.7900615805646344
b4162,0.7982360719631106
b4163,0.0059852609350978
b4164,-0.0869461520425837
b4165,0.0659924032079746
b4167,0.7019407164771386
b4168,0.1630229747204348
b4169,-0.3220735539302384
b4170,0.050821891958702
b4171,-0.0274617540364018
b4172,-0.8605800602214242
b4173,-0.4448437519293466
b4174,-0.4334926167520672
b4175,-0.6295326077959129
b4177,-0.1055991570545988
b4179,0.4262864477549279
b4187,-0.0709267557465526
b4188,0.8242157052412297
b4189,0.3040612514655282
b4190,0.1256341676560814
b4192,0.6967549288004519
b4193,0.9457560038754677
b4194,1.1148131358551532
b4195,1.567635140170465
b4196,1.1560205181946472
b4197,0.508737915688551
b4198,0.8597843141136772
b4199,0.3001051843424073
b4200,0.1899417540623375
b4201,0.2039883901348114
b4202,0.2021013598705346
b4203,0.1912079344925015
b4204,0.6599148461704892
b4206,0.0718267086612356
b4207,0.6473311889486745
b4208,0.0253221077366833
b4209,0.0512169485376499
b4213,-0.5649460303454618
b4214,0.1771633941498425
b4216,-0.0461713002537154
b4217,0.8685242067274953
b4219,0.7761127383314125
b4222,0.7784255250480141
b4224,0.3164449141688659
b4225,-0.6839608546847169
b4227,-0.0896128957921457
b4230,-0.1000341131758998
b4231,-0.1117411172899177
b4233,0.3031736097870542
b4237,1.3384183248137262
b4238,0.0688820302319667
b4239,0.1220892552502206
b4240,0.1219601832129461
b4241,-0.1385808534842074
b4242,0.2578489873590845
b4243,0.1595675754688583
b4244,-0.0996931422896151
b4245,0.0638369906183869
b4246,-0.9381686018168476
b4248,0.52982870259661
b4249,-0.071688110779176
b4251,0.9538562579739266
b4254,0.9169079224697144
b4255,-0.1255127195712144
b4256,0.5823958964695934
b4257,0.3077837131286417
b4258,0.0764731294196511
b4259,0.5728432049487
b4260,0.1009291369397035
b4264,-0.0614448008615964
b4265,-0.4136948173760352
b4266,-0.1577770383925492
b4267,-0.2811587243150226
b4268,-0.0067224193082704
b4270,0.0246555554791027
b4279,0.0865578242662332
b4280,0.0325219982039221
b4287,0.0954625691403006
b4288,0.1201871235784458
b4289,0.1207383486234141
b4290,0.126381650575424
b4291,0.139778094973833
b4292,0.4901328363347727
b4293,0.6681592385344178
b4297,-0.1850139687762154
b4298,-0.3629145132262206
b4299,-0.3238455547098985
b4300,0.5474381360226546
b4301,0.4892225596671504
b4302,0.5497176860988798
b4303,0.5946823823031465
b4304,0.0743890129587162
b4305,0.4988553988869098
b4309,0.2672924744685659
b4310,0.0947639321065379
b4311,-0.1321978804524511
b4312,0.7415873476193898
b4313,0.6064748558546317
b4314,0.0907275736607737
b4315,0.0606081860091612
b4316,0.4888293979481701
b4317,0.3053456418584991
b4318,0.8831693428599171
b4319,0.5538407910920201
b4320,0.6500103838463214
b4321,0.4272963267767074
b4322,0.1677855279722375
b4323,0.0315312705197441
b4324,0.0517590716294502
b4325,0.6593356072827873
b4326,0.7818183385249965
b4334,-0.0414197580163144
b4336,0.1413632116986377
b4337,0.2189901102135684
b4340,0.4909617918457269
b4342,-0.0341145688545935
b4345,0.8854039796154289
b4346,0.8266938399684731
b4347,0.4504066623253119
b4354,0.5510524892048747
b4355,0.3064777106440426
b4357,1.3306359826691825
b4358,0.1467770910006456
b4364,-0.0293475859769752
b4365,0.2106782065918016
b4366,0.3614407697756531
b4367,-0.2573052441519079
b4368,0.0233866175267256
b4369,0.0508629290250976
b4370,0.0463808565087624
b4375,0.4525233176323465
b4376,0.32752849688189
b4381,0.2831351914504921
b4382,0.1888462923070823
b4383,0.0950513025623283
b4384,0.0525472623375516
b4386,0.3813536728871767
b4387,0.5636692729334747
b4388,0.5788703505553642
b4392,-0.0837234846396088
b4393,-0.0239647744050291
b4396,0.6302180328921212
b4397,0.0578381646884276
b4398,0.0511042110496671
b4399,0.1099342475833512
b4400,0.2079743805780737
b4401,0.3702685090849761
b4402,0.2263847159542464
b4406,0.6890350497731134
b4407,-0.0672905909442464
b4408,-0.5795541868812046
b4409,0.7422188465237153
b4410,0.7165318957621798
b4411,-0.0053059720469493
b4413,0.7720135521515149
b4414,0.5729342141158447
b4415,0.0771913638638569
b4416,0.9196732622871387
b4417,0.0861013521908519
b4426,0.943027335012282
b4427,0.803261594223513
b4429,0.9963006124509006
b4431,-0.0756624839953619
b4432,0.4531260744129581
b4433,-0.1330975829133799
b4435,-0.3502425707830511
b4436,-0.2641412336316308
b4437,1.0887275018649962
b4438,-1.1864345742383375
b4439,0.4942598942556568
b4441,0.7804439051543199
b4442,1.0209514067977337
b4443,0.2156994741070644
b4444,0.2089272810843805
b4445,-0.0021673885243651
b4447,0.8565453296441224
b4449,-0.0200185318941158
b4450,0.0920279899359748
b4451,1.0408721134554937
b4452,0.1971337711384187
b4454,0.8266088262367247
b4456,0.0591639854033273
b4457,0.1883630247181435
b4458,0.1752001222726704
b4459,0.2697482512384351
b4460,-0.3185467020134375
b4461,0.8471128332231058
b4465,0.1415177134061565
b4467,-0.5672441473229686
b4468,-0.8741989508973568
b4470,0.3682710472737838
b4474,0.0821544057575101
b4475,-2.1295735755356224
b4476,0.1517855966713629
b4477,-0.0939920654383254
b4478,0.1389015231209845
b4479,0.1211656916140895
b4480,0.1619210035054312
b4483,-0.0553601070918828
b4484,0.2381166883520457
b4485,-0.1107776664317596
b4487,0.3072810927977509
b4501,0.2866986370950826
b4502,0.3727479959105612
b4511,1.0117932522644395
b4513,-0.0644934322692092
b4517,0.083229167405225
b4522,0.0236361187986198
b4523,0.2414640309613588
b4524,0.4996957722355776
b4525,0.89562576273324
b4532,0.7319820462270745
b4539,-0.4929648214192487
b4542,0.151113352384469
b4544,0.3518082217494145
b4547,-0.0719888996881065
b4550,0.7837029497609516
b4554,0.418064771213669
b4558,-0.0181847971946716
b4565,0.5467762752810762
b4567,0.7955757954384034
b4577,1.2807861010641746
b4585,0.739958596281938
b4592,-0.0677498066497524
b4596,0.0098985320581975
b4597,0.0316814894990525
b4599,1.371202513323332
b4608,0.4899903210720451
b4609,1.1839575891611098
b4611,0.456524941482026
b4613,-0.0615092139855462
b4616,0.7748602959266341
b4618,0.4683917249443557
b4624,-0.0596896390621885
b4625,0.3861749238641498
b4637,0.9489661522271068
b4660,0.1948350810724881
b4662,1.340250481067334
b4663,0.1982742603763152
b4664,0.8370565743511708
b4665,0.9323133969892172
b4669,2.2760354174970816
b4670,0.1038521135218266
b4673,0.7868061921270674
b4685,-0.0327461206339023
b4687,-0.9840328493990816
b4691,0.0340036713513384
b4698,-0.0706719161096136
b4699,-0.0365034176118519
b4762,0.0457764727533293
b4763,0.2239563419853993
